transaction_id,date,time,product_name,category,quantity,unit_price,total_amount,payment_method
1,01-01-2024,07:12:00,Bagel,Food,2,4,8,Mobile
2,01-01-2024,07:37:00,Sandwich,Food,1,6.5,6.5,Card
3,01-01-2024,07:57:00,Bagel,Food,2,4,8,Card
4,01-01-2024,08:09:00,Iced Latte,Cold Drink,2,5,10,Cash
5,01-01-2024,08:20:00,Espresso,Coffee,1,3,3,Card
6,01-01-2024,08:37:00,Chocolate Chip Cookie,Pastry,2,2.5,5,Cash
7,01-01-2024,08:55:00,Iced Latte,Cold Drink,1,5,5,Cash
8,01-01-2024,09:11:00,Mocha,Coffee,2,5,10,Card
9,01-01-2024,09:23:00,Bagel,Food,1,4,4,Card
10,01-01-2024,09:34:00,Caesar Salad,Food,2,7.5,15,Card
11,01-01-2024,09:45:00,Sandwich,Food,1,6.5,6.5,Cash
12,01-01-2024,10:09:00,Caesar Salad,Food,2,7.5,15,Mobile
13,01-01-2024,10:26:00,Caesar Salad,Food,1,7.5,7.5,Card
14,01-01-2024,10:51:00,Croissant,Pastry,1,2.75,2.75,Mobile
15,01-01-2024,11:11:00,Cappuccino,Coffee,1,4.25,4.25,Cash
16,01-01-2024,11:33:00,Chocolate Chip Cookie,Pastry,2,2.5,5,Cash
17,01-01-2024,11:55:00,Panini,Food,1,7,7,Card
18,01-01-2024,12:08:00,Green Tea,Tea,1,3,3,Cash
19,01-01-2024,12:32:00,Bagel,Food,1,4,4,Card
20,01-01-2024,12:56:00,Bagel,Food,1,4,4,Card
21,01-01-2024,13:09:00,Blueberry Muffin,Pastry,1,3.25,3.25,Mobile
22,01-01-2024,13:34:00,Chocolate Brownie,Pastry,1,3.75,3.75,Card
23,01-01-2024,13:45:00,Cappuccino,Coffee,1,4.25,4.25,Card
24,01-01-2024,14:07:00,Chocolate Chip Cookie,Pastry,2,2.5,5,Mobile
25,01-01-2024,14:21:00,Sandwich,Food,2,6.5,13,Mobile
26,01-01-2024,14:44:00,Iced Tea,Cold Drink,1,3.5,3.5,Cash
27,01-01-2024,15:04:00,Chocolate Brownie,Pastry,2,3.75,7.5,Mobile
28,01-01-2024,15:27:00,Iced Tea,Cold Drink,1,3.5,3.5,Mobile
29,01-01-2024,15:47:00,Sandwich,Food,1,6.5,6.5,Cash
30,01-01-2024,15:57:00,Iced Latte,Cold Drink,3,5,15,Cash
31,01-01-2024,16:10:00,Cappuccino,Coffee,1,4.25,4.25,Cash
32,01-01-2024,16:26:00,Americano,Coffee,2,3.5,7,Card
33,01-01-2024,16:48:00,Smoothie,Cold Drink,1,6,6,Mobile
34,02-01-2024,07:00:00,Iced Latte,Cold Drink,2,5,10,Card
35,02-01-2024,07:24:00,Bagel,Food,1,4,4,Cash
36,02-01-2024,07:48:00,Bagel,Food,1,4,4,Mobile
37,02-01-2024,08:03:00,Iced Tea,Cold Drink,2,3.5,7,Cash
38,02-01-2024,08:16:00,Iced Coffee,Cold Drink,2,4.75,9.5,Card
39,02-01-2024,08:41:00,Caesar Salad,Food,1,7.5,7.5,Mobile
40,02-01-2024,08:59:00,Croissant,Pastry,1,2.75,2.75,Mobile
41,02-01-2024,09:13:00,Iced Coffee,Cold Drink,1,4.75,4.75,Cash
42,02-01-2024,09:38:00,Iced Latte,Cold Drink,2,5,10,Card
43,02-01-2024,09:48:00,Iced Coffee,Cold Drink,1,4.75,4.75,Mobile
44,02-01-2024,10:08:00,Espresso,Coffee,1,3,3,Card
45,02-01-2024,10:18:00,Americano,Coffee,2,3.5,7,Card
46,02-01-2024,10:41:00,Mocha,Coffee,1,5,5,Card
47,02-01-2024,10:52:00,Sandwich,Food,1,6.5,6.5,Mobile
48,02-01-2024,11:02:00,Smoothie,Cold Drink,2,6,12,Mobile
49,02-01-2024,11:13:00,Sandwich,Food,1,6.5,6.5,Card
50,02-01-2024,11:31:00,Panini,Food,1,7,7,Cash
51,02-01-2024,11:45:00,Cappuccino,Coffee,1,4.25,4.25,Cash
52,02-01-2024,12:02:00,Mocha,Coffee,1,5,5,Card
53,02-01-2024,12:26:00,Caesar Salad,Food,1,7.5,7.5,Mobile
54,02-01-2024,12:42:00,Green Tea,Tea,1,3,3,Cash
55,02-01-2024,12:59:00,Smoothie,Cold Drink,1,6,6,Mobile
56,02-01-2024,13:20:00,Iced Coffee,Cold Drink,2,4.75,9.5,Mobile
57,02-01-2024,13:40:00,Panini,Food,2,7,14,Mobile
58,02-01-2024,14:01:00,Green Tea,Tea,1,3,3,Mobile
59,02-01-2024,14:23:00,Blueberry Muffin,Pastry,1,3.25,3.25,Cash
60,02-01-2024,14:33:00,Cappuccino,Coffee,1,4.25,4.25,Cash
61,02-01-2024,14:50:00,Smoothie,Cold Drink,1,6,6,Mobile
62,02-01-2024,15:10:00,Mocha,Coffee,3,5,15,Mobile
63,02-01-2024,15:31:00,Iced Tea,Cold Drink,2,3.5,7,Card
64,02-01-2024,15:52:00,Smoothie,Cold Drink,2,6,12,Mobile
65,02-01-2024,16:11:00,Croissant,Pastry,1,2.75,2.75,Cash
66,02-01-2024,16:35:00,Americano,Coffee,1,3.5,3.5,Cash
67,02-01-2024,16:57:00,Panini,Food,1,7,7,Mobile
68,03-01-2024,07:00:00,Chocolate Chip Cookie,Pastry,1,2.5,2.5,Mobile
69,03-01-2024,07:13:00,Chocolate Chip Cookie,Pastry,1,2.5,2.5,Mobile
70,03-01-2024,07:36:00,Panini,Food,1,7,7,Card
71,03-01-2024,07:46:00,Americano,Coffee,1,3.5,3.5,Cash
72,03-01-2024,08:06:00,Iced Latte,Cold Drink,1,5,5,Card
73,03-01-2024,08:23:00,Panini,Food,2,7,14,Mobile
74,03-01-2024,08:35:00,Caesar Salad,Food,1,7.5,7.5,Card
75,03-01-2024,08:54:00,Espresso,Coffee,2,3,6,Card
76,03-01-2024,09:10:00,Latte,Coffee,1,4.5,4.5,Mobile
77,03-01-2024,09:21:00,Smoothie,Cold Drink,1,6,6,Card
78,03-01-2024,09:38:00,Caesar Salad,Food,1,7.5,7.5,Mobile
79,03-01-2024,09:55:00,Mocha,Coffee,1,5,5,Cash
80,03-01-2024,10:07:00,Chocolate Brownie,Pastry,1,3.75,3.75,Card
81,03-01-2024,10:27:00,Croissant,Pastry,1,2.75,2.75,Cash
82,03-01-2024,10:45:00,Iced Latte,Cold Drink,1,5,5,Mobile
83,03-01-2024,11:03:00,Green Tea,Tea,2,3,6,Card
84,03-01-2024,11:17:00,Mocha,Coffee,1,5,5,Cash
85,03-01-2024,11:31:00,Iced Tea,Cold Drink,1,3.5,3.5,Card
86,03-01-2024,11:53:00,Latte,Coffee,1,4.5,4.5,Card
87,03-01-2024,12:11:00,Mocha,Coffee,1,5,5,Cash
88,03-01-2024,12:21:00,Latte,Coffee,1,4.5,4.5,Mobile
89,03-01-2024,12:35:00,Caesar Salad,Food,1,7.5,7.5,Card
90,03-01-2024,13:00:00,Bagel,Food,2,4,8,Card
91,03-01-2024,13:10:00,Americano,Coffee,1,3.5,3.5,Mobile
92,03-01-2024,13:32:00,Americano,Coffee,2,3.5,7,Card
93,03-01-2024,13:50:00,Blueberry Muffin,Pastry,2,3.25,6.5,Cash
94,03-01-2024,14:01:00,Iced Latte,Cold Drink,1,5,5,Cash
95,03-01-2024,14:26:00,Espresso,Coffee,2,3,6,Card
96,03-01-2024,14:38:00,Chocolate Chip Cookie,Pastry,1,2.5,2.5,Cash
97,03-01-2024,15:01:00,Iced Tea,Cold Drink,1,3.5,3.5,Card
98,03-01-2024,15:13:00,Iced Latte,Cold Drink,1,5,5,Cash
99,03-01-2024,15:35:00,Panini,Food,1,7,7,Card
100,03-01-2024,15:59:00,Chocolate Brownie,Pastry,1,3.75,3.75,Cash
101,03-01-2024,16:09:00,Bagel,Food,1,4,4,Mobile
102,03-01-2024,16:26:00,Americano,Coffee,1,3.5,3.5,Card
103,03-01-2024,16:51:00,Iced Coffee,Cold Drink,1,4.75,4.75,Card
104,04-01-2024,07:00:00,Mocha,Coffee,2,5,10,Cash
105,04-01-2024,07:20:00,Caesar Salad,Food,1,7.5,7.5,Card
106,04-01-2024,07:31:00,Blueberry Muffin,Pastry,1,3.25,3.25,Cash
107,04-01-2024,07:55:00,Croissant,Pastry,1,2.75,2.75,Mobile
108,04-01-2024,08:17:00,Green Tea,Tea,1,3,3,Cash
109,04-01-2024,08:41:00,Cappuccino,Coffee,2,4.25,8.5,Card
110,04-01-2024,08:59:00,Iced Tea,Cold Drink,1,3.5,3.5,Mobile
111,04-01-2024,09:20:00,Iced Coffee,Cold Drink,2,4.75,9.5,Mobile
112,04-01-2024,09:34:00,Croissant,Pastry,1,2.75,2.75,Mobile
113,04-01-2024,09:44:00,Iced Tea,Cold Drink,1,3.5,3.5,Cash
114,04-01-2024,09:57:00,Panini,Food,1,7,7,Mobile
115,04-01-2024,10:20:00,Iced Tea,Cold Drink,1,3.5,3.5,Mobile
116,04-01-2024,10:35:00,Iced Latte,Cold Drink,2,5,10,Cash
117,04-01-2024,10:54:00,Iced Coffee,Cold Drink,2,4.75,9.5,Mobile
118,04-01-2024,11:11:00,Americano,Coffee,1,3.5,3.5,Mobile
119,04-01-2024,11:36:00,Iced Latte,Cold Drink,1,5,5,Card
120,04-01-2024,11:55:00,Smoothie,Cold Drink,2,6,12,Cash
121,04-01-2024,12:05:00,Smoothie,Cold Drink,2,6,12,Mobile
122,04-01-2024,12:25:00,Croissant,Pastry,1,2.75,2.75,Card
123,04-01-2024,12:46:00,Latte,Coffee,1,4.5,4.5,Mobile
124,04-01-2024,13:00:00,Mocha,Coffee,1,5,5,Mobile
125,04-01-2024,13:22:00,Chocolate Brownie,Pastry,2,3.75,7.5,Cash
126,04-01-2024,13:36:00,Caesar Salad,Food,2,7.5,15,Card
127,04-01-2024,13:46:00,Chocolate Chip Cookie,Pastry,1,2.5,2.5,Cash
128,04-01-2024,14:02:00,Cappuccino,Coffee,2,4.25,8.5,Card
129,04-01-2024,14:17:00,Iced Tea,Cold Drink,1,3.5,3.5,Mobile
130,04-01-2024,14:37:00,Blueberry Muffin,Pastry,1,3.25,3.25,Card
131,04-01-2024,14:56:00,Chocolate Brownie,Pastry,3,3.75,11.25,Card
132,04-01-2024,15:20:00,Bagel,Food,1,4,4,Cash
133,04-01-2024,15:39:00,Chocolate Brownie,Pastry,1,3.75,3.75,Card
134,04-01-2024,15:58:00,Iced Latte,Cold Drink,3,5,15,Cash
135,04-01-2024,16:16:00,Americano,Coffee,1,3.5,3.5,Mobile
136,04-01-2024,16:31:00,Blueberry Muffin,Pastry,1,3.25,3.25,Mobile
137,04-01-2024,16:41:00,Green Tea,Tea,2,3,6,Card
138,04-01-2024,16:54:00,Caesar Salad,Food,1,7.5,7.5,Card
139,05-01-2024,07:00:00,Panini,Food,2,7,14,Mobile
140,05-01-2024,07:15:00,Mocha,Coffee,1,5,5,Mobile
141,05-01-2024,07:34:00,Chocolate Chip Cookie,Pastry,1,2.5,2.5,Mobile
142,05-01-2024,07:57:00,Espresso,Coffee,1,3,3,Card
143,05-01-2024,08:13:00,Latte,Coffee,1,4.5,4.5,Card
144,05-01-2024,08:32:00,Panini,Food,1,7,7,Mobile
145,05-01-2024,08:43:00,Panini,Food,2,7,14,Mobile
146,05-01-2024,09:07:00,Americano,Coffee,1,3.5,3.5,Cash
147,05-01-2024,09:31:00,Cappuccino,Coffee,1,4.25,4.25,Mobile
148,05-01-2024,09:46:00,Panini,Food,2,7,14,Card
149,05-01-2024,10:02:00,Chocolate Brownie,Pastry,1,3.75,3.75,Card
150,05-01-2024,10:12:00,Sandwich,Food,3,6.5,19.5,Card
151,05-01-2024,10:32:00,Chocolate Brownie,Pastry,1,3.75,3.75,Mobile
152,05-01-2024,10:47:00,Croissant,Pastry,1,2.75,2.75,Mobile
153,05-01-2024,10:57:00,Americano,Coffee,1,3.5,3.5,Cash
154,05-01-2024,11:17:00,Americano,Coffee,1,3.5,3.5,Mobile
155,05-01-2024,11:29:00,Americano,Coffee,3,3.5,10.5,Cash
156,05-01-2024,11:49:00,Bagel,Food,1,4,4,Cash
157,05-01-2024,12:13:00,Blueberry Muffin,Pastry,2,3.25,6.5,Card
158,05-01-2024,12:35:00,Blueberry Muffin,Pastry,1,3.25,3.25,Mobile
159,05-01-2024,12:49:00,Iced Latte,Cold Drink,1,5,5,Mobile
160,05-01-2024,13:05:00,Sandwich,Food,1,6.5,6.5,Cash
161,05-01-2024,13:17:00,Mocha,Coffee,2,5,10,Cash
162,05-01-2024,13:32:00,Smoothie,Cold Drink,2,6,12,Card
163,05-01-2024,13:43:00,Sandwich,Food,1,6.5,6.5,Mobile
164,05-01-2024,13:56:00,Panini,Food,1,7,7,Card
165,05-01-2024,14:10:00,Caesar Salad,Food,1,7.5,7.5,Mobile
166,05-01-2024,14:29:00,Chocolate Chip Cookie,Pastry,2,2.5,5,Card
167,05-01-2024,14:54:00,Blueberry Muffin,Pastry,2,3.25,6.5,Card
168,05-01-2024,15:05:00,Sandwich,Food,1,6.5,6.5,Mobile
169,05-01-2024,15:19:00,Sandwich,Food,2,6.5,13,Card
170,05-01-2024,15:43:00,Green Tea,Tea,2,3,6,Cash
171,05-01-2024,16:05:00,Sandwich,Food,2,6.5,13,Mobile
172,05-01-2024,16:21:00,Mocha,Coffee,1,5,5,Cash
173,05-01-2024,16:44:00,Chocolate Chip Cookie,Pastry,1,2.5,2.5,Card
174,06-01-2024,07:00:00,Americano,Coffee,1,3.5,3.5,Cash
175,06-01-2024,07:17:00,Chocolate Brownie,Pastry,1,3.75,3.75,Cash
176,06-01-2024,07:28:00,Smoothie,Cold Drink,2,6,12,Cash
177,06-01-2024,07:51:00,Bagel,Food,2,4,8,Cash
178,06-01-2024,08:13:00,Cappuccino,Coffee,1,4.25,4.25,Card
179,06-01-2024,08:24:00,Blueberry Muffin,Pastry,2,3.25,6.5,Mobile
180,06-01-2024,08:37:00,Latte,Coffee,1,4.5,4.5,Mobile
181,06-01-2024,08:54:00,Caesar Salad,Food,1,7.5,7.5,Mobile
182,06-01-2024,09:09:00,Cappuccino,Coffee,1,4.25,4.25,Mobile
183,06-01-2024,09:33:00,Blueberry Muffin,Pastry,1,3.25,3.25,Cash
184,06-01-2024,09:57:00,Smoothie,Cold Drink,1,6,6,Cash
185,06-01-2024,10:12:00,Iced Tea,Cold Drink,1,3.5,3.5,Card
186,06-01-2024,10:22:00,Sandwich,Food,1,6.5,6.5,Card
187,06-01-2024,10:46:00,Sandwich,Food,1,6.5,6.5,Cash
188,06-01-2024,10:57:00,Smoothie,Cold Drink,2,6,12,Cash
189,06-01-2024,11:21:00,Iced Coffee,Cold Drink,1,4.75,4.75,Mobile
190,06-01-2024,11:44:00,Chocolate Brownie,Pastry,1,3.75,3.75,Mobile
191,06-01-2024,11:56:00,Iced Coffee,Cold Drink,1,4.75,4.75,Card
192,06-01-2024,12:14:00,Caesar Salad,Food,2,7.5,15,Cash
193,06-01-2024,12:38:00,Sandwich,Food,1,6.5,6.5,Cash
194,06-01-2024,13:00:00,Sandwich,Food,1,6.5,6.5,Mobile
195,06-01-2024,13:21:00,Chocolate Chip Cookie,Pastry,1,2.5,2.5,Cash
196,06-01-2024,13:32:00,Latte,Coffee,2,4.5,9,Card
197,06-01-2024,13:51:00,Americano,Coffee,1,3.5,3.5,Mobile
198,06-01-2024,14:12:00,Chocolate Chip Cookie,Pastry,1,2.5,2.5,Card
199,06-01-2024,14:36:00,Iced Coffee,Cold Drink,1,4.75,4.75,Cash
200,06-01-2024,14:52:00,Cappuccino,Coffee,2,4.25,8.5,Card
201,06-01-2024,15:07:00,Sandwich,Food,3,6.5,19.5,Mobile
202,06-01-2024,15:17:00,Caesar Salad,Food,1,7.5,7.5,Card
203,06-01-2024,15:35:00,Green Tea,Tea,2,3,6,Card
204,06-01-2024,15:47:00,Chocolate Brownie,Pastry,1,3.75,3.75,Mobile
205,06-01-2024,15:59:00,Sandwich,Food,1,6.5,6.5,Cash
206,06-01-2024,16:18:00,Iced Tea,Cold Drink,1,3.5,3.5,Card
207,06-01-2024,16:28:00,Espresso,Coffee,1,3,3,Cash
208,06-01-2024,16:52:00,Latte,Coffee,2,4.5,9,Mobile
209,07-01-2024,07:00:00,Mocha,Coffee,1,5,5,Mobile
210,07-01-2024,07:14:00,Iced Coffee,Cold Drink,1,4.75,4.75,Mobile
211,07-01-2024,07:24:00,Croissant,Pastry,1,2.75,2.75,Card
212,07-01-2024,07:42:00,Green Tea,Tea,1,3,3,Cash
213,07-01-2024,08:06:00,Iced Coffee,Cold Drink,3,4.75,14.25,Mobile
214,07-01-2024,08:16:00,Americano,Coffee,2,3.5,7,Card
215,07-01-2024,08:28:00,Latte,Coffee,1,4.5,4.5,Mobile
216,07-01-2024,08:38:00,Americano,Coffee,2,3.5,7,Card
217,07-01-2024,08:49:00,Iced Latte,Cold Drink,1,5,5,Card
218,07-01-2024,09:12:00,Iced Tea,Cold Drink,1,3.5,3.5,Mobile
219,07-01-2024,09:34:00,Chocolate Brownie,Pastry,2,3.75,7.5,Mobile
220,07-01-2024,09:46:00,Iced Coffee,Cold Drink,1,4.75,4.75,Cash
221,07-01-2024,09:56:00,Latte,Coffee,1,4.5,4.5,Card
222,07-01-2024,10:15:00,Iced Coffee,Cold Drink,1,4.75,4.75,Mobile
223,07-01-2024,10:36:00,Espresso,Coffee,1,3,3,Mobile
224,07-01-2024,10:57:00,Smoothie,Cold Drink,1,6,6,Cash
225,07-01-2024,11:12:00,Chocolate Brownie,Pastry,2,3.75,7.5,Mobile
226,07-01-2024,11:37:00,Cappuccino,Coffee,3,4.25,12.75,Cash
227,07-01-2024,11:55:00,Green Tea,Tea,1,3,3,Card
228,07-01-2024,12:19:00,Panini,Food,2,7,14,Cash
229,07-01-2024,12:44:00,Sandwich,Food,2,6.5,13,Cash
230,07-01-2024,13:08:00,Chocolate Brownie,Pastry,3,3.75,11.25,Card
231,07-01-2024,13:32:00,Iced Tea,Cold Drink,1,3.5,3.5,Mobile
232,07-01-2024,13:52:00,Panini,Food,1,7,7,Mobile
233,07-01-2024,14:16:00,Panini,Food,1,7,7,Mobile
234,07-01-2024,14:40:00,Sandwich,Food,1,6.5,6.5,Card
235,07-01-2024,14:59:00,Green Tea,Tea,2,3,6,Cash
236,07-01-2024,15:22:00,Iced Latte,Cold Drink,2,5,10,Mobile
237,07-01-2024,15:44:00,Panini,Food,1,7,7,Mobile
238,07-01-2024,15:54:00,Chocolate Brownie,Pastry,2,3.75,7.5,Card
239,07-01-2024,16:16:00,Bagel,Food,2,4,8,Mobile
240,07-01-2024,16:38:00,Smoothie,Cold Drink,2,6,12,Card
241,07-01-2024,16:52:00,Cappuccino,Coffee,1,4.25,4.25,Cash
242,08-01-2024,07:00:00,Croissant,Pastry,2,2.75,5.5,Cash
243,08-01-2024,07:18:00,Iced Coffee,Cold Drink,2,4.75,9.5,Cash
244,08-01-2024,07:32:00,Blueberry Muffin,Pastry,1,3.25,3.25,Card
245,08-01-2024,07:42:00,Americano,Coffee,2,3.5,7,Mobile
246,08-01-2024,08:00:00,Blueberry Muffin,Pastry,1,3.25,3.25,Cash
247,08-01-2024,08:13:00,Sandwich,Food,1,6.5,6.5,Mobile
248,08-01-2024,08:26:00,Iced Coffee,Cold Drink,1,4.75,4.75,Card
249,08-01-2024,08:36:00,Latte,Coffee,1,4.5,4.5,Mobile
250,08-01-2024,08:47:00,Iced Latte,Cold Drink,1,5,5,Card
251,08-01-2024,09:12:00,Iced Tea,Cold Drink,1,3.5,3.5,Cash
252,08-01-2024,09:32:00,Croissant,Pastry,1,2.75,2.75,Cash
253,08-01-2024,09:57:00,Espresso,Coffee,2,3,6,Mobile
254,08-01-2024,10:13:00,Americano,Coffee,1,3.5,3.5,Cash
255,08-01-2024,10:31:00,Espresso,Coffee,1,3,3,Card
256,08-01-2024,10:50:00,Iced Latte,Cold Drink,1,5,5,Cash
257,08-01-2024,11:04:00,Iced Tea,Cold Drink,1,3.5,3.5,Card
258,08-01-2024,11:15:00,Green Tea,Tea,3,3,9,Card
259,08-01-2024,11:26:00,Iced Latte,Cold Drink,3,5,15,Mobile
260,08-01-2024,11:38:00,Sandwich,Food,2,6.5,13,Card
261,08-01-2024,11:54:00,Bagel,Food,2,4,8,Card
262,08-01-2024,12:11:00,Panini,Food,1,7,7,Card
263,08-01-2024,12:34:00,Green Tea,Tea,2,3,6,Card
264,08-01-2024,12:54:00,Panini,Food,1,7,7,Cash
265,08-01-2024,13:16:00,Cappuccino,Coffee,1,4.25,4.25,Mobile
266,08-01-2024,13:30:00,Chocolate Chip Cookie,Pastry,1,2.5,2.5,Mobile
267,08-01-2024,13:54:00,Iced Tea,Cold Drink,2,3.5,7,Card
268,08-01-2024,14:18:00,Chocolate Chip Cookie,Pastry,2,2.5,5,Card
269,08-01-2024,14:31:00,Mocha,Coffee,1,5,5,Mobile
270,08-01-2024,14:49:00,Smoothie,Cold Drink,1,6,6,Cash
271,08-01-2024,15:05:00,Chocolate Brownie,Pastry,1,3.75,3.75,Mobile
272,08-01-2024,15:27:00,Iced Tea,Cold Drink,1,3.5,3.5,Card
273,08-01-2024,15:38:00,Panini,Food,1,7,7,Card
274,08-01-2024,15:53:00,Americano,Coffee,2,3.5,7,Cash
275,08-01-2024,16:17:00,Green Tea,Tea,1,3,3,Card
276,08-01-2024,16:38:00,Iced Latte,Cold Drink,1,5,5,Mobile
277,08-01-2024,16:56:00,Bagel,Food,1,4,4,Cash
278,09-01-2024,07:00:00,Americano,Coffee,1,3.5,3.5,Cash
279,09-01-2024,07:20:00,Croissant,Pastry,1,2.75,2.75,Card
280,09-01-2024,07:41:00,Latte,Coffee,2,4.5,9,Mobile
281,09-01-2024,08:01:00,Americano,Coffee,2,3.5,7,Mobile
282,09-01-2024,08:15:00,Cappuccino,Coffee,1,4.25,4.25,Cash
283,09-01-2024,08:36:00,Bagel,Food,1,4,4,Mobile
284,09-01-2024,08:58:00,Cappuccino,Coffee,1,4.25,4.25,Card
285,09-01-2024,09:09:00,Sandwich,Food,1,6.5,6.5,Card
286,09-01-2024,09:22:00,Chocolate Brownie,Pastry,1,3.75,3.75,Cash
287,09-01-2024,09:37:00,Espresso,Coffee,1,3,3,Cash
288,09-01-2024,09:55:00,Chocolate Chip Cookie,Pastry,1,2.5,2.5,Cash
289,09-01-2024,10:18:00,Chocolate Brownie,Pastry,2,3.75,7.5,Card
290,09-01-2024,10:40:00,Americano,Coffee,1,3.5,3.5,Card
291,09-01-2024,11:02:00,Americano,Coffee,1,3.5,3.5,Cash
292,09-01-2024,11:13:00,Blueberry Muffin,Pastry,2,3.25,6.5,Mobile
293,09-01-2024,11:23:00,Iced Tea,Cold Drink,2,3.5,7,Cash
294,09-01-2024,11:38:00,Espresso,Coffee,1,3,3,Card
295,09-01-2024,11:50:00,Caesar Salad,Food,1,7.5,7.5,Card
296,09-01-2024,12:14:00,Latte,Coffee,1,4.5,4.5,Cash
297,09-01-2024,12:30:00,Americano,Coffee,1,3.5,3.5,Cash
298,09-01-2024,12:54:00,Caesar Salad,Food,1,7.5,7.5,Cash
299,09-01-2024,13:08:00,Chocolate Chip Cookie,Pastry,1,2.5,2.5,Cash
300,09-01-2024,13:24:00,Bagel,Food,1,4,4,Mobile
301,09-01-2024,13:49:00,Bagel,Food,1,4,4,Cash
302,09-01-2024,14:11:00,Green Tea,Tea,1,3,3,Cash
303,09-01-2024,14:31:00,Croissant,Pastry,1,2.75,2.75,Mobile
304,09-01-2024,14:43:00,Espresso,Coffee,3,3,9,Cash
305,09-01-2024,14:58:00,Caesar Salad,Food,2,7.5,15,Mobile
306,09-01-2024,15:13:00,Sandwich,Food,3,6.5,19.5,Mobile
307,09-01-2024,15:37:00,Latte,Coffee,2,4.5,9,Cash
308,09-01-2024,15:52:00,Chocolate Brownie,Pastry,1,3.75,3.75,Mobile
309,09-01-2024,16:11:00,Iced Tea,Cold Drink,1,3.5,3.5,Mobile
310,09-01-2024,16:28:00,Bagel,Food,2,4,8,Card
311,09-01-2024,16:49:00,Cappuccino,Coffee,1,4.25,4.25,Mobile
312,10-01-2024,07:00:00,Espresso,Coffee,1,3,3,Card
313,10-01-2024,07:19:00,Caesar Salad,Food,1,7.5,7.5,Cash
314,10-01-2024,07:33:00,Bagel,Food,1,4,4,Card
315,10-01-2024,07:45:00,Cappuccino,Coffee,1,4.25,4.25,Mobile
316,10-01-2024,08:02:00,Sandwich,Food,2,6.5,13,Card
317,10-01-2024,08:19:00,Croissant,Pastry,1,2.75,2.75,Mobile
318,10-01-2024,08:34:00,Iced Coffee,Cold Drink,2,4.75,9.5,Mobile
319,10-01-2024,08:46:00,Espresso,Coffee,1,3,3,Cash
320,10-01-2024,09:06:00,Espresso,Coffee,2,3,6,Cash
321,10-01-2024,09:28:00,Iced Tea,Cold Drink,1,3.5,3.5,Cash
322,10-01-2024,09:50:00,Caesar Salad,Food,1,7.5,7.5,Mobile
323,10-01-2024,10:08:00,Espresso,Coffee,1,3,3,Cash
324,10-01-2024,10:30:00,Smoothie,Cold Drink,1,6,6,Mobile
325,10-01-2024,10:44:00,Americano,Coffee,1,3.5,3.5,Cash
326,10-01-2024,11:02:00,Chocolate Chip Cookie,Pastry,2,2.5,5,Card
327,10-01-2024,11:15:00,Chocolate Brownie,Pastry,1,3.75,3.75,Mobile
328,10-01-2024,11:31:00,Green Tea,Tea,1,3,3,Mobile
329,10-01-2024,11:56:00,Green Tea,Tea,1,3,3,Mobile
330,10-01-2024,12:12:00,Sandwich,Food,1,6.5,6.5,Mobile
331,10-01-2024,12:27:00,Chocolate Chip Cookie,Pastry,2,2.5,5,Card
332,10-01-2024,12:45:00,Iced Latte,Cold Drink,1,5,5,Card
333,10-01-2024,12:59:00,Iced Latte,Cold Drink,1,5,5,Cash
334,10-01-2024,13:14:00,Smoothie,Cold Drink,1,6,6,Card
335,10-01-2024,13:26:00,Chocolate Chip Cookie,Pastry,1,2.5,2.5,Mobile
336,10-01-2024,13:37:00,Smoothie,Cold Drink,2,6,12,Mobile
337,10-01-2024,14:00:00,Sandwich,Food,1,6.5,6.5,Card
338,10-01-2024,14:25:00,Panini,Food,1,7,7,Mobile
339,10-01-2024,14:41:00,Smoothie,Cold Drink,1,6,6,Card
340,10-01-2024,14:55:00,Chocolate Brownie,Pastry,1,3.75,3.75,Cash
341,10-01-2024,15:05:00,Smoothie,Cold Drink,1,6,6,Card
342,10-01-2024,15:28:00,Americano,Coffee,1,3.5,3.5,Cash
343,10-01-2024,15:38:00,Caesar Salad,Food,1,7.5,7.5,Cash
344,10-01-2024,16:02:00,Bagel,Food,1,4,4,Mobile
345,10-01-2024,16:13:00,Chocolate Chip Cookie,Pastry,1,2.5,2.5,Card
346,10-01-2024,16:25:00,Iced Tea,Cold Drink,1,3.5,3.5,Card
347,10-01-2024,16:40:00,Cappuccino,Coffee,1,4.25,4.25,Cash
348,11-01-2024,07:00:00,Iced Coffee,Cold Drink,1,4.75,4.75,Mobile
349,11-01-2024,07:21:00,Smoothie,Cold Drink,2,6,12,Card
350,11-01-2024,07:31:00,Chocolate Chip Cookie,Pastry,2,2.5,5,Cash
351,11-01-2024,07:56:00,Iced Latte,Cold Drink,1,5,5,Card
352,11-01-2024,08:20:00,Sandwich,Food,2,6.5,13,Card
353,11-01-2024,08:44:00,Caesar Salad,Food,1,7.5,7.5,Cash
354,11-01-2024,08:54:00,Americano,Coffee,2,3.5,7,Card
355,11-01-2024,09:15:00,Sandwich,Food,1,6.5,6.5,Card
356,11-01-2024,09:38:00,Chocolate Chip Cookie,Pastry,1,2.5,2.5,Cash
357,11-01-2024,09:56:00,Sandwich,Food,2,6.5,13,Cash
358,11-01-2024,10:20:00,Iced Coffee,Cold Drink,1,4.75,4.75,Cash
359,11-01-2024,10:43:00,Cappuccino,Coffee,1,4.25,4.25,Mobile
360,11-01-2024,10:57:00,Mocha,Coffee,1,5,5,Card
361,11-01-2024,11:08:00,Cappuccino,Coffee,1,4.25,4.25,Cash
362,11-01-2024,11:26:00,Chocolate Chip Cookie,Pastry,1,2.5,2.5,Mobile
363,11-01-2024,11:46:00,Iced Coffee,Cold Drink,2,4.75,9.5,Cash
364,11-01-2024,11:57:00,Bagel,Food,1,4,4,Card
365,11-01-2024,12:19:00,Mocha,Coffee,1,5,5,Mobile
366,11-01-2024,12:44:00,Caesar Salad,Food,1,7.5,7.5,Cash
367,11-01-2024,12:56:00,Iced Tea,Cold Drink,2,3.5,7,Mobile
368,11-01-2024,13:19:00,Iced Tea,Cold Drink,1,3.5,3.5,Mobile
369,11-01-2024,13:33:00,Blueberry Muffin,Pastry,1,3.25,3.25,Mobile
370,11-01-2024,13:52:00,Iced Coffee,Cold Drink,1,4.75,4.75,Card
371,11-01-2024,14:15:00,Bagel,Food,1,4,4,Cash
372,11-01-2024,14:40:00,Smoothie,Cold Drink,1,6,6,Cash
373,11-01-2024,14:58:00,Iced Tea,Cold Drink,1,3.5,3.5,Cash
374,11-01-2024,15:12:00,Bagel,Food,1,4,4,Card
375,11-01-2024,15:37:00,Latte,Coffee,2,4.5,9,Cash
376,11-01-2024,15:58:00,Smoothie,Cold Drink,2,6,12,Card
377,11-01-2024,16:16:00,Iced Coffee,Cold Drink,2,4.75,9.5,Mobile
378,11-01-2024,16:26:00,Smoothie,Cold Drink,1,6,6,Cash
379,11-01-2024,16:43:00,Mocha,Coffee,2,5,10,Mobile
380,12-01-2024,07:00:00,Sandwich,Food,1,6.5,6.5,Card
381,12-01-2024,07:22:00,Iced Coffee,Cold Drink,1,4.75,4.75,Cash
382,12-01-2024,07:40:00,Caesar Salad,Food,1,7.5,7.5,Mobile
383,12-01-2024,07:51:00,Sandwich,Food,1,6.5,6.5,Mobile
384,12-01-2024,08:06:00,Espresso,Coffee,1,3,3,Card
385,12-01-2024,08:26:00,Smoothie,Cold Drink,1,6,6,Card
386,12-01-2024,08:47:00,Chocolate Chip Cookie,Pastry,1,2.5,2.5,Card
387,12-01-2024,09:06:00,Chocolate Chip Cookie,Pastry,1,2.5,2.5,Card
388,12-01-2024,09:21:00,Espresso,Coffee,1,3,3,Mobile
389,12-01-2024,09:38:00,Americano,Coffee,2,3.5,7,Cash
390,12-01-2024,10:01:00,Sandwich,Food,2,6.5,13,Card
391,12-01-2024,10:14:00,Panini,Food,2,7,14,Cash
392,12-01-2024,10:33:00,Panini,Food,1,7,7,Cash
393,12-01-2024,10:56:00,Croissant,Pastry,1,2.75,2.75,Cash
394,12-01-2024,11:13:00,Americano,Coffee,1,3.5,3.5,Mobile
395,12-01-2024,11:35:00,Espresso,Coffee,1,3,3,Cash
396,12-01-2024,11:59:00,Cappuccino,Coffee,1,4.25,4.25,Cash
397,12-01-2024,12:22:00,Espresso,Coffee,1,3,3,Card
398,12-01-2024,12:44:00,Caesar Salad,Food,2,7.5,15,Card
399,12-01-2024,13:09:00,Chocolate Chip Cookie,Pastry,1,2.5,2.5,Mobile
400,12-01-2024,13:25:00,Iced Tea,Cold Drink,1,3.5,3.5,Cash
401,12-01-2024,13:46:00,Mocha,Coffee,1,5,5,Mobile
402,12-01-2024,14:09:00,Iced Coffee,Cold Drink,1,4.75,4.75,Card
403,12-01-2024,14:19:00,Green Tea,Tea,2,3,6,Mobile
404,12-01-2024,14:44:00,Smoothie,Cold Drink,1,6,6,Mobile
405,12-01-2024,15:07:00,Green Tea,Tea,1,3,3,Cash
406,12-01-2024,15:26:00,Green Tea,Tea,1,3,3,Cash
407,12-01-2024,15:48:00,Blueberry Muffin,Pastry,3,3.25,9.75,Card
408,12-01-2024,16:07:00,Chocolate Brownie,Pastry,1,3.75,3.75,Mobile
409,12-01-2024,16:24:00,Blueberry Muffin,Pastry,2,3.25,6.5,Cash
410,12-01-2024,16:40:00,Espresso,Coffee,2,3,6,Card
411,12-01-2024,16:55:00,Espresso,Coffee,1,3,3,Cash
412,13-01-2024,07:00:00,Croissant,Pastry,1,2.75,2.75,Card
413,13-01-2024,07:23:00,Iced Tea,Cold Drink,2,3.5,7,Mobile
414,13-01-2024,07:46:00,Latte,Coffee,1,4.5,4.5,Card
415,13-01-2024,07:58:00,Iced Tea,Cold Drink,1,3.5,3.5,Card
416,13-01-2024,08:22:00,Cappuccino,Coffee,1,4.25,4.25,Card
417,13-01-2024,08:45:00,Chocolate Chip Cookie,Pastry,1,2.5,2.5,Mobile
418,13-01-2024,09:03:00,Green Tea,Tea,1,3,3,Mobile
419,13-01-2024,09:22:00,Cappuccino,Coffee,1,4.25,4.25,Card
420,13-01-2024,09:35:00,Caesar Salad,Food,1,7.5,7.5,Card
421,13-01-2024,09:56:00,Latte,Coffee,1,4.5,4.5,Mobile
422,13-01-2024,10:09:00,Mocha,Coffee,2,5,10,Mobile
423,13-01-2024,10:32:00,Croissant,Pastry,1,2.75,2.75,Cash
424,13-01-2024,10:56:00,Cappuccino,Coffee,1,4.25,4.25,Mobile
425,13-01-2024,11:11:00,Green Tea,Tea,1,3,3,Cash
426,13-01-2024,11:33:00,Latte,Coffee,1,4.5,4.5,Mobile
427,13-01-2024,11:47:00,Americano,Coffee,1,3.5,3.5,Cash
428,13-01-2024,11:57:00,Smoothie,Cold Drink,1,6,6,Cash
429,13-01-2024,12:13:00,Cappuccino,Coffee,3,4.25,12.75,Mobile
430,13-01-2024,12:35:00,Blueberry Muffin,Pastry,1,3.25,3.25,Cash
431,13-01-2024,12:50:00,Caesar Salad,Food,1,7.5,7.5,Cash
432,13-01-2024,13:02:00,Iced Latte,Cold Drink,2,5,10,Card
433,13-01-2024,13:25:00,Smoothie,Cold Drink,2,6,12,Card
434,13-01-2024,13:47:00,Cappuccino,Coffee,1,4.25,4.25,Card
435,13-01-2024,14:09:00,Espresso,Coffee,2,3,6,Cash
436,13-01-2024,14:22:00,Croissant,Pastry,3,2.75,8.25,Card
437,13-01-2024,14:46:00,Americano,Coffee,2,3.5,7,Card
438,13-01-2024,15:02:00,Caesar Salad,Food,2,7.5,15,Mobile
439,13-01-2024,15:26:00,Chocolate Brownie,Pastry,2,3.75,7.5,Cash
440,13-01-2024,15:39:00,Latte,Coffee,1,4.5,4.5,Cash
441,13-01-2024,16:03:00,Iced Coffee,Cold Drink,2,4.75,9.5,Cash
442,13-01-2024,16:16:00,Chocolate Chip Cookie,Pastry,1,2.5,2.5,Cash
443,13-01-2024,16:37:00,Chocolate Brownie,Pastry,2,3.75,7.5,Mobile
444,14-01-2024,07:00:00,Blueberry Muffin,Pastry,1,3.25,3.25,Mobile
445,14-01-2024,07:10:00,Sandwich,Food,1,6.5,6.5,Card
446,14-01-2024,07:20:00,Bagel,Food,1,4,4,Cash
447,14-01-2024,07:37:00,Croissant,Pastry,3,2.75,8.25,Cash
448,14-01-2024,08:01:00,Blueberry Muffin,Pastry,1,3.25,3.25,Mobile
449,14-01-2024,08:15:00,Americano,Coffee,1,3.5,3.5,Card
450,14-01-2024,08:32:00,Green Tea,Tea,1,3,3,Cash
451,14-01-2024,08:56:00,Cappuccino,Coffee,1,4.25,4.25,Cash
452,14-01-2024,09:20:00,Blueberry Muffin,Pastry,1,3.25,3.25,Mobile
453,14-01-2024,09:38:00,Iced Tea,Cold Drink,2,3.5,7,Mobile
454,14-01-2024,09:52:00,Panini,Food,2,7,14,Card
455,14-01-2024,10:13:00,Americano,Coffee,1,3.5,3.5,Cash
456,14-01-2024,10:29:00,Panini,Food,2,7,14,Mobile
457,14-01-2024,10:43:00,Caesar Salad,Food,2,7.5,15,Cash
458,14-01-2024,10:55:00,Espresso,Coffee,1,3,3,Cash
459,14-01-2024,11:12:00,Espresso,Coffee,1,3,3,Cash
460,14-01-2024,11:28:00,Cappuccino,Coffee,1,4.25,4.25,Mobile
461,14-01-2024,11:48:00,Green Tea,Tea,2,3,6,Card
462,14-01-2024,12:12:00,Mocha,Coffee,2,5,10,Mobile
463,14-01-2024,12:33:00,Espresso,Coffee,1,3,3,Card
464,14-01-2024,12:47:00,Cappuccino,Coffee,1,4.25,4.25,Card
465,14-01-2024,12:57:00,Latte,Coffee,3,4.5,13.5,Mobile
466,14-01-2024,13:10:00,Bagel,Food,2,4,8,Cash
467,14-01-2024,13:20:00,Caesar Salad,Food,1,7.5,7.5,Cash
468,14-01-2024,13:32:00,Iced Coffee,Cold Drink,1,4.75,4.75,Card
469,14-01-2024,13:43:00,Blueberry Muffin,Pastry,1,3.25,3.25,Cash
470,14-01-2024,13:54:00,Sandwich,Food,2,6.5,13,Card
471,14-01-2024,14:06:00,Smoothie,Cold Drink,1,6,6,Cash
472,14-01-2024,14:17:00,Iced Latte,Cold Drink,1,5,5,Cash
473,14-01-2024,14:40:00,Mocha,Coffee,1,5,5,Mobile
474,14-01-2024,14:57:00,Espresso,Coffee,2,3,6,Mobile
475,14-01-2024,15:11:00,Mocha,Coffee,1,5,5,Mobile
476,14-01-2024,15:26:00,Mocha,Coffee,2,5,10,Card
477,14-01-2024,15:43:00,Sandwich,Food,2,6.5,13,Cash
478,14-01-2024,16:02:00,Chocolate Brownie,Pastry,2,3.75,7.5,Mobile
479,14-01-2024,16:19:00,Iced Coffee,Cold Drink,2,4.75,9.5,Cash
480,14-01-2024,16:38:00,Mocha,Coffee,1,5,5,Card
481,14-01-2024,16:49:00,Americano,Coffee,1,3.5,3.5,Mobile
482,15-01-2024,07:00:00,Green Tea,Tea,2,3,6,Cash
483,15-01-2024,07:10:00,Chocolate Chip Cookie,Pastry,1,2.5,2.5,Cash
484,15-01-2024,07:22:00,Iced Latte,Cold Drink,1,5,5,Card
485,15-01-2024,07:34:00,Espresso,Coffee,1,3,3,Cash
486,15-01-2024,07:59:00,Latte,Coffee,1,4.5,4.5,Card
487,15-01-2024,08:09:00,Mocha,Coffee,2,5,10,Mobile
488,15-01-2024,08:32:00,Smoothie,Cold Drink,2,6,12,Mobile
489,15-01-2024,08:53:00,Americano,Coffee,1,3.5,3.5,Card
490,15-01-2024,09:03:00,Blueberry Muffin,Pastry,1,3.25,3.25,Cash
491,15-01-2024,09:17:00,Espresso,Coffee,1,3,3,Card
492,15-01-2024,09:37:00,Iced Latte,Cold Drink,1,5,5,Mobile
493,15-01-2024,09:57:00,Chocolate Brownie,Pastry,1,3.75,3.75,Mobile
494,15-01-2024,10:08:00,Iced Tea,Cold Drink,1,3.5,3.5,Card
495,15-01-2024,10:29:00,Green Tea,Tea,1,3,3,Cash
496,15-01-2024,10:44:00,Espresso,Coffee,1,3,3,Card
497,15-01-2024,10:55:00,Blueberry Muffin,Pastry,1,3.25,3.25,Card
498,15-01-2024,11:17:00,Americano,Coffee,1,3.5,3.5,Cash
499,15-01-2024,11:28:00,Caesar Salad,Food,1,7.5,7.5,Mobile
500,15-01-2024,11:47:00,Chocolate Brownie,Pastry,1,3.75,3.75,Cash
501,15-01-2024,12:04:00,Chocolate Chip Cookie,Pastry,1,2.5,2.5,Card
502,15-01-2024,12:18:00,Croissant,Pastry,1,2.75,2.75,Mobile
503,15-01-2024,12:37:00,Mocha,Coffee,1,5,5,Cash
504,15-01-2024,12:47:00,Croissant,Pastry,1,2.75,2.75,Cash
505,15-01-2024,13:05:00,Latte,Coffee,2,4.5,9,Mobile
506,15-01-2024,13:19:00,Croissant,Pastry,3,2.75,8.25,Mobile
507,15-01-2024,13:37:00,Iced Coffee,Cold Drink,1,4.75,4.75,Card
508,15-01-2024,13:57:00,Iced Coffee,Cold Drink,2,4.75,9.5,Mobile
509,15-01-2024,14:14:00,Bagel,Food,1,4,4,Card
510,15-01-2024,14:33:00,Iced Latte,Cold Drink,3,5,15,Cash
511,15-01-2024,14:50:00,Green Tea,Tea,1,3,3,Cash
512,15-01-2024,15:10:00,Sandwich,Food,1,6.5,6.5,Mobile
513,15-01-2024,15:20:00,Croissant,Pastry,1,2.75,2.75,Cash
514,15-01-2024,15:34:00,Blueberry Muffin,Pastry,1,3.25,3.25,Cash
515,15-01-2024,15:47:00,Bagel,Food,1,4,4,Card
516,15-01-2024,16:02:00,Iced Coffee,Cold Drink,1,4.75,4.75,Cash
517,15-01-2024,16:17:00,Latte,Coffee,1,4.5,4.5,Mobile
518,15-01-2024,16:33:00,Blueberry Muffin,Pastry,2,3.25,6.5,Cash
519,15-01-2024,16:58:00,Croissant,Pastry,1,2.75,2.75,Card
520,16-01-2024,07:00:00,Chocolate Chip Cookie,Pastry,1,2.5,2.5,Card
521,16-01-2024,07:13:00,Espresso,Coffee,1,3,3,Card
522,16-01-2024,07:36:00,Croissant,Pastry,1,2.75,2.75,Cash
523,16-01-2024,07:46:00,Sandwich,Food,1,6.5,6.5,Mobile
524,16-01-2024,07:59:00,Blueberry Muffin,Pastry,1,3.25,3.25,Card
525,16-01-2024,08:18:00,Mocha,Coffee,3,5,15,Cash
526,16-01-2024,08:33:00,Caesar Salad,Food,1,7.5,7.5,Mobile
527,16-01-2024,08:44:00,Espresso,Coffee,2,3,6,Cash
528,16-01-2024,08:57:00,Chocolate Brownie,Pastry,1,3.75,3.75,Card
529,16-01-2024,09:11:00,Chocolate Chip Cookie,Pastry,1,2.5,2.5,Mobile
530,16-01-2024,09:22:00,Chocolate Chip Cookie,Pastry,1,2.5,2.5,Card
531,16-01-2024,09:41:00,Caesar Salad,Food,2,7.5,15,Card
532,16-01-2024,10:00:00,Bagel,Food,2,4,8,Card
533,16-01-2024,10:25:00,Chocolate Brownie,Pastry,1,3.75,3.75,Cash
534,16-01-2024,10:45:00,Americano,Coffee,1,3.5,3.5,Cash
535,16-01-2024,11:09:00,Sandwich,Food,3,6.5,19.5,Mobile
536,16-01-2024,11:30:00,Blueberry Muffin,Pastry,1,3.25,3.25,Mobile
537,16-01-2024,11:44:00,Espresso,Coffee,1,3,3,Card
538,16-01-2024,12:04:00,Caesar Salad,Food,1,7.5,7.5,Card
539,16-01-2024,12:27:00,Smoothie,Cold Drink,1,6,6,Card
540,16-01-2024,12:48:00,Blueberry Muffin,Pastry,1,3.25,3.25,Card
541,16-01-2024,13:06:00,Sandwich,Food,1,6.5,6.5,Cash
542,16-01-2024,13:17:00,Chocolate Chip Cookie,Pastry,1,2.5,2.5,Card
543,16-01-2024,13:39:00,Espresso,Coffee,1,3,3,Mobile
544,16-01-2024,13:54:00,Cappuccino,Coffee,1,4.25,4.25,Cash
545,16-01-2024,14:06:00,Espresso,Coffee,2,3,6,Cash
546,16-01-2024,14:23:00,Panini,Food,1,7,7,Cash
547,16-01-2024,14:48:00,Croissant,Pastry,1,2.75,2.75,Card
548,16-01-2024,15:01:00,Iced Coffee,Cold Drink,1,4.75,4.75,Mobile
549,16-01-2024,15:18:00,Sandwich,Food,1,6.5,6.5,Cash
550,16-01-2024,15:39:00,Sandwich,Food,2,6.5,13,Cash
551,16-01-2024,16:03:00,Smoothie,Cold Drink,1,6,6,Mobile
552,16-01-2024,16:14:00,Mocha,Coffee,1,5,5,Mobile
553,16-01-2024,16:25:00,Mocha,Coffee,2,5,10,Cash
554,16-01-2024,16:48:00,Latte,Coffee,2,4.5,9,Cash
555,16-01-2024,16:59:00,Caesar Salad,Food,1,7.5,7.5,Mobile
556,17-01-2024,07:00:00,Bagel,Food,2,4,8,Cash
557,17-01-2024,07:21:00,Croissant,Pastry,2,2.75,5.5,Card
558,17-01-2024,07:42:00,Chocolate Brownie,Pastry,1,3.75,3.75,Mobile
559,17-01-2024,08:02:00,Chocolate Brownie,Pastry,1,3.75,3.75,Cash
560,17-01-2024,08:23:00,Chocolate Brownie,Pastry,1,3.75,3.75,Card
561,17-01-2024,08:42:00,Americano,Coffee,1,3.5,3.5,Card
562,17-01-2024,09:07:00,Caesar Salad,Food,2,7.5,15,Cash
563,17-01-2024,09:18:00,Iced Tea,Cold Drink,2,3.5,7,Mobile
564,17-01-2024,09:43:00,Panini,Food,2,7,14,Mobile
565,17-01-2024,10:01:00,Green Tea,Tea,1,3,3,Cash
566,17-01-2024,10:16:00,Blueberry Muffin,Pastry,1,3.25,3.25,Card
567,17-01-2024,10:30:00,Iced Tea,Cold Drink,1,3.5,3.5,Mobile
568,17-01-2024,10:54:00,Chocolate Brownie,Pastry,3,3.75,11.25,Mobile
569,17-01-2024,11:16:00,Latte,Coffee,1,4.5,4.5,Card
570,17-01-2024,11:26:00,Blueberry Muffin,Pastry,1,3.25,3.25,Card
571,17-01-2024,11:46:00,Caesar Salad,Food,1,7.5,7.5,Mobile
572,17-01-2024,12:00:00,Latte,Coffee,1,4.5,4.5,Card
573,17-01-2024,12:12:00,Iced Latte,Cold Drink,2,5,10,Card
574,17-01-2024,12:35:00,Mocha,Coffee,2,5,10,Mobile
575,17-01-2024,12:48:00,Chocolate Chip Cookie,Pastry,1,2.5,2.5,Card
576,17-01-2024,13:04:00,Iced Latte,Cold Drink,1,5,5,Card
577,17-01-2024,13:28:00,Panini,Food,1,7,7,Mobile
578,17-01-2024,13:51:00,Smoothie,Cold Drink,1,6,6,Cash
579,17-01-2024,14:08:00,Caesar Salad,Food,1,7.5,7.5,Cash
580,17-01-2024,14:26:00,Bagel,Food,1,4,4,Card
581,17-01-2024,14:47:00,Espresso,Coffee,1,3,3,Card
582,17-01-2024,15:01:00,Smoothie,Cold Drink,1,6,6,Cash
583,17-01-2024,15:15:00,Americano,Coffee,1,3.5,3.5,Cash
584,17-01-2024,15:27:00,Cappuccino,Coffee,1,4.25,4.25,Mobile
585,17-01-2024,15:50:00,Cappuccino,Coffee,2,4.25,8.5,Mobile
586,17-01-2024,16:02:00,Croissant,Pastry,1,2.75,2.75,Cash
587,17-01-2024,16:15:00,Panini,Food,1,7,7,Card
588,17-01-2024,16:29:00,Sandwich,Food,1,6.5,6.5,Mobile
589,17-01-2024,16:53:00,Blueberry Muffin,Pastry,1,3.25,3.25,Card
590,18-01-2024,07:00:00,Smoothie,Cold Drink,1,6,6,Card
591,18-01-2024,07:20:00,Mocha,Coffee,1,5,5,Mobile
592,18-01-2024,07:34:00,Latte,Coffee,1,4.5,4.5,Card
593,18-01-2024,07:47:00,Panini,Food,1,7,7,Card
594,18-01-2024,08:02:00,Iced Coffee,Cold Drink,1,4.75,4.75,Mobile
595,18-01-2024,08:23:00,Panini,Food,1,7,7,Cash
596,18-01-2024,08:44:00,Iced Tea,Cold Drink,2,3.5,7,Card
597,18-01-2024,09:08:00,Americano,Coffee,1,3.5,3.5,Mobile
598,18-01-2024,09:22:00,Blueberry Muffin,Pastry,1,3.25,3.25,Cash
599,18-01-2024,09:37:00,Iced Tea,Cold Drink,3,3.5,10.5,Mobile
600,18-01-2024,09:53:00,Iced Latte,Cold Drink,1,5,5,Mobile
601,18-01-2024,10:13:00,Americano,Coffee,1,3.5,3.5,Mobile
602,18-01-2024,10:29:00,Chocolate Brownie,Pastry,1,3.75,3.75,Mobile
603,18-01-2024,10:39:00,Cappuccino,Coffee,2,4.25,8.5,Card
604,18-01-2024,10:49:00,Panini,Food,1,7,7,Cash
605,18-01-2024,11:07:00,Chocolate Chip Cookie,Pastry,1,2.5,2.5,Mobile
606,18-01-2024,11:27:00,Panini,Food,1,7,7,Cash
607,18-01-2024,11:49:00,Smoothie,Cold Drink,2,6,12,Card
608,18-01-2024,12:08:00,Smoothie,Cold Drink,1,6,6,Card
609,18-01-2024,12:29:00,Mocha,Coffee,1,5,5,Cash
610,18-01-2024,12:51:00,Mocha,Coffee,2,5,10,Cash
611,18-01-2024,13:10:00,Americano,Coffee,1,3.5,3.5,Mobile
612,18-01-2024,13:30:00,Bagel,Food,1,4,4,Mobile
613,18-01-2024,13:50:00,Blueberry Muffin,Pastry,2,3.25,6.5,Mobile
614,18-01-2024,14:04:00,Croissant,Pastry,1,2.75,2.75,Card
615,18-01-2024,14:29:00,Panini,Food,1,7,7,Cash
616,18-01-2024,14:45:00,Caesar Salad,Food,1,7.5,7.5,Card
617,18-01-2024,15:04:00,Chocolate Chip Cookie,Pastry,1,2.5,2.5,Cash
618,18-01-2024,15:19:00,Panini,Food,2,7,14,Mobile
619,18-01-2024,15:33:00,Iced Latte,Cold Drink,2,5,10,Card
620,18-01-2024,15:46:00,Latte,Coffee,1,4.5,4.5,Cash
621,18-01-2024,16:07:00,Americano,Coffee,1,3.5,3.5,Mobile
622,18-01-2024,16:23:00,Iced Latte,Cold Drink,1,5,5,Cash
623,18-01-2024,16:36:00,Mocha,Coffee,1,5,5,Mobile
624,18-01-2024,16:53:00,Latte,Coffee,1,4.5,4.5,Cash
625,19-01-2024,07:00:00,Latte,Coffee,1,4.5,4.5,Mobile
626,19-01-2024,07:19:00,Sandwich,Food,1,6.5,6.5,Mobile
627,19-01-2024,07:29:00,Chocolate Chip Cookie,Pastry,1,2.5,2.5,Cash
628,19-01-2024,07:52:00,Bagel,Food,1,4,4,Card
629,19-01-2024,08:10:00,Iced Tea,Cold Drink,1,3.5,3.5,Mobile
630,19-01-2024,08:34:00,Smoothie,Cold Drink,1,6,6,Cash
631,19-01-2024,08:47:00,Americano,Coffee,1,3.5,3.5,Card
632,19-01-2024,09:12:00,Mocha,Coffee,1,5,5,Mobile
633,19-01-2024,09:25:00,Iced Tea,Cold Drink,1,3.5,3.5,Cash
634,19-01-2024,09:37:00,Mocha,Coffee,2,5,10,Cash
635,19-01-2024,10:01:00,Chocolate Brownie,Pastry,1,3.75,3.75,Cash
636,19-01-2024,10:20:00,Blueberry Muffin,Pastry,2,3.25,6.5,Cash
637,19-01-2024,10:30:00,Sandwich,Food,1,6.5,6.5,Mobile
638,19-01-2024,10:42:00,Caesar Salad,Food,1,7.5,7.5,Cash
639,19-01-2024,10:57:00,Iced Coffee,Cold Drink,2,4.75,9.5,Card
640,19-01-2024,11:22:00,Iced Coffee,Cold Drink,1,4.75,4.75,Mobile
641,19-01-2024,11:42:00,Iced Latte,Cold Drink,1,5,5,Cash
642,19-01-2024,12:06:00,Latte,Coffee,1,4.5,4.5,Cash
643,19-01-2024,12:22:00,Mocha,Coffee,1,5,5,Card
644,19-01-2024,12:42:00,Espresso,Coffee,1,3,3,Mobile
645,19-01-2024,13:01:00,Panini,Food,1,7,7,Mobile
646,19-01-2024,13:17:00,Panini,Food,1,7,7,Cash
647,19-01-2024,13:37:00,Iced Latte,Cold Drink,1,5,5,Cash
648,19-01-2024,13:52:00,Cappuccino,Coffee,1,4.25,4.25,Card
649,19-01-2024,14:13:00,Mocha,Coffee,2,5,10,Cash
650,19-01-2024,14:37:00,Cappuccino,Coffee,1,4.25,4.25,Cash
651,19-01-2024,14:56:00,Green Tea,Tea,1,3,3,Cash
652,19-01-2024,15:17:00,Iced Coffee,Cold Drink,3,4.75,14.25,Cash
653,19-01-2024,15:27:00,Iced Coffee,Cold Drink,1,4.75,4.75,Mobile
654,19-01-2024,15:46:00,Caesar Salad,Food,1,7.5,7.5,Mobile
655,19-01-2024,16:05:00,Smoothie,Cold Drink,1,6,6,Card
656,19-01-2024,16:19:00,Croissant,Pastry,2,2.75,5.5,Card
657,19-01-2024,16:40:00,Chocolate Brownie,Pastry,2,3.75,7.5,Card
658,19-01-2024,16:59:00,Panini,Food,3,7,21,Cash
659,20-01-2024,07:00:00,Cappuccino,Coffee,1,4.25,4.25,Cash
660,20-01-2024,07:24:00,Espresso,Coffee,1,3,3,Mobile
661,20-01-2024,07:34:00,Croissant,Pastry,2,2.75,5.5,Cash
662,20-01-2024,07:59:00,Panini,Food,3,7,21,Card
663,20-01-2024,08:10:00,Panini,Food,2,7,14,Card
664,20-01-2024,08:27:00,Espresso,Coffee,2,3,6,Cash
665,20-01-2024,08:44:00,Panini,Food,1,7,7,Card
666,20-01-2024,09:08:00,Blueberry Muffin,Pastry,1,3.25,3.25,Cash
667,20-01-2024,09:32:00,Chocolate Brownie,Pastry,2,3.75,7.5,Cash
668,20-01-2024,09:51:00,Blueberry Muffin,Pastry,1,3.25,3.25,Mobile
669,20-01-2024,10:08:00,Cappuccino,Coffee,1,4.25,4.25,Card
670,20-01-2024,10:32:00,Espresso,Coffee,1,3,3,Cash
671,20-01-2024,10:43:00,Bagel,Food,1,4,4,Card
672,20-01-2024,11:04:00,Smoothie,Cold Drink,1,6,6,Mobile
673,20-01-2024,11:25:00,Cappuccino,Coffee,1,4.25,4.25,Mobile
674,20-01-2024,11:49:00,Smoothie,Cold Drink,1,6,6,Card
675,20-01-2024,12:10:00,Iced Latte,Cold Drink,2,5,10,Cash
676,20-01-2024,12:35:00,Panini,Food,1,7,7,Cash
677,20-01-2024,12:52:00,Cappuccino,Coffee,1,4.25,4.25,Cash
678,20-01-2024,13:13:00,Blueberry Muffin,Pastry,1,3.25,3.25,Cash
679,20-01-2024,13:24:00,Blueberry Muffin,Pastry,1,3.25,3.25,Cash
680,20-01-2024,13:44:00,Chocolate Brownie,Pastry,1,3.75,3.75,Card
681,20-01-2024,14:06:00,Cappuccino,Coffee,2,4.25,8.5,Card
682,20-01-2024,14:28:00,Smoothie,Cold Drink,2,6,12,Card
683,20-01-2024,14:50:00,Espresso,Coffee,1,3,3,Card
684,20-01-2024,15:01:00,Iced Latte,Cold Drink,1,5,5,Cash
685,20-01-2024,15:14:00,Mocha,Coffee,1,5,5,Card
686,20-01-2024,15:34:00,Chocolate Brownie,Pastry,2,3.75,7.5,Cash
687,20-01-2024,15:56:00,Croissant,Pastry,1,2.75,2.75,Card
688,20-01-2024,16:14:00,Chocolate Brownie,Pastry,1,3.75,3.75,Cash
689,20-01-2024,16:28:00,Panini,Food,1,7,7,Card
690,20-01-2024,16:39:00,Green Tea,Tea,1,3,3,Card
691,20-01-2024,16:50:00,Chocolate Chip Cookie,Pastry,2,2.5,5,Card
692,21-01-2024,07:00:00,Cappuccino,Coffee,1,4.25,4.25,Mobile
693,21-01-2024,07:21:00,Blueberry Muffin,Pastry,1,3.25,3.25,Mobile
694,21-01-2024,07:34:00,Iced Coffee,Cold Drink,2,4.75,9.5,Cash
695,21-01-2024,07:54:00,Mocha,Coffee,1,5,5,Mobile
696,21-01-2024,08:07:00,Iced Latte,Cold Drink,1,5,5,Card
697,21-01-2024,08:21:00,Croissant,Pastry,3,2.75,8.25,Card
698,21-01-2024,08:39:00,Sandwich,Food,2,6.5,13,Mobile
699,21-01-2024,09:00:00,Croissant,Pastry,1,2.75,2.75,Mobile
700,21-01-2024,09:21:00,Americano,Coffee,1,3.5,3.5,Card
701,21-01-2024,09:31:00,Iced Tea,Cold Drink,2,3.5,7,Cash
702,21-01-2024,09:51:00,Chocolate Brownie,Pastry,1,3.75,3.75,Card
703,21-01-2024,10:10:00,Americano,Coffee,1,3.5,3.5,Mobile
704,21-01-2024,10:21:00,Bagel,Food,1,4,4,Card
705,21-01-2024,10:42:00,Chocolate Chip Cookie,Pastry,2,2.5,5,Cash
706,21-01-2024,11:01:00,Mocha,Coffee,1,5,5,Card
707,21-01-2024,11:18:00,Espresso,Coffee,1,3,3,Card
708,21-01-2024,11:29:00,Iced Coffee,Cold Drink,1,4.75,4.75,Cash
709,21-01-2024,11:48:00,Chocolate Chip Cookie,Pastry,1,2.5,2.5,Card
710,21-01-2024,12:00:00,Smoothie,Cold Drink,1,6,6,Mobile
711,21-01-2024,12:14:00,Blueberry Muffin,Pastry,2,3.25,6.5,Mobile
712,21-01-2024,12:38:00,Cappuccino,Coffee,1,4.25,4.25,Cash
713,21-01-2024,12:52:00,Americano,Coffee,2,3.5,7,Cash
714,21-01-2024,13:08:00,Mocha,Coffee,3,5,15,Mobile
715,21-01-2024,13:19:00,Sandwich,Food,1,6.5,6.5,Card
716,21-01-2024,13:41:00,Chocolate Brownie,Pastry,2,3.75,7.5,Cash
717,21-01-2024,14:02:00,Cappuccino,Coffee,1,4.25,4.25,Card
718,21-01-2024,14:12:00,Sandwich,Food,1,6.5,6.5,Mobile
719,21-01-2024,14:36:00,Cappuccino,Coffee,1,4.25,4.25,Mobile
720,21-01-2024,14:54:00,Caesar Salad,Food,2,7.5,15,Cash
721,21-01-2024,15:19:00,Iced Tea,Cold Drink,2,3.5,7,Mobile
722,21-01-2024,15:30:00,Latte,Coffee,1,4.5,4.5,Card
723,21-01-2024,15:40:00,Blueberry Muffin,Pastry,2,3.25,6.5,Mobile
724,21-01-2024,15:55:00,Cappuccino,Coffee,1,4.25,4.25,Card
725,21-01-2024,16:13:00,Panini,Food,1,7,7,Card
726,21-01-2024,16:30:00,Bagel,Food,1,4,4,Card
727,21-01-2024,16:41:00,Latte,Coffee,1,4.5,4.5,Mobile
728,22-01-2024,07:00:00,Iced Tea,Cold Drink,2,3.5,7,Cash
729,22-01-2024,07:17:00,Blueberry Muffin,Pastry,2,3.25,6.5,Mobile
730,22-01-2024,07:42:00,Green Tea,Tea,3,3,9,Card
731,22-01-2024,07:54:00,Blueberry Muffin,Pastry,1,3.25,3.25,Card
732,22-01-2024,08:13:00,Iced Latte,Cold Drink,1,5,5,Card
733,22-01-2024,08:30:00,Green Tea,Tea,1,3,3,Cash
734,22-01-2024,08:43:00,Americano,Coffee,1,3.5,3.5,Card
735,22-01-2024,09:03:00,Iced Coffee,Cold Drink,2,4.75,9.5,Cash
736,22-01-2024,09:14:00,Smoothie,Cold Drink,3,6,18,Mobile
737,22-01-2024,09:27:00,Espresso,Coffee,3,3,9,Mobile
738,22-01-2024,09:37:00,Chocolate Brownie,Pastry,3,3.75,11.25,Card
739,22-01-2024,09:52:00,Bagel,Food,1,4,4,Cash
740,22-01-2024,10:12:00,Panini,Food,1,7,7,Cash
741,22-01-2024,10:25:00,Latte,Coffee,1,4.5,4.5,Card
742,22-01-2024,10:38:00,Croissant,Pastry,1,2.75,2.75,Cash
743,22-01-2024,10:53:00,Caesar Salad,Food,2,7.5,15,Cash
744,22-01-2024,11:06:00,Bagel,Food,1,4,4,Cash
745,22-01-2024,11:30:00,Americano,Coffee,2,3.5,7,Card
746,22-01-2024,11:42:00,Green Tea,Tea,2,3,6,Mobile
747,22-01-2024,11:59:00,Chocolate Brownie,Pastry,1,3.75,3.75,Mobile
748,22-01-2024,12:12:00,Caesar Salad,Food,2,7.5,15,Card
749,22-01-2024,12:31:00,Bagel,Food,1,4,4,Mobile
750,22-01-2024,12:42:00,Sandwich,Food,2,6.5,13,Card
751,22-01-2024,13:04:00,Bagel,Food,2,4,8,Card
752,22-01-2024,13:20:00,Espresso,Coffee,1,3,3,Card
753,22-01-2024,13:39:00,Chocolate Brownie,Pastry,1,3.75,3.75,Mobile
754,22-01-2024,13:57:00,Iced Tea,Cold Drink,2,3.5,7,Mobile
755,22-01-2024,14:21:00,Iced Tea,Cold Drink,1,3.5,3.5,Card
756,22-01-2024,14:36:00,Croissant,Pastry,2,2.75,5.5,Cash
757,22-01-2024,14:58:00,Iced Tea,Cold Drink,1,3.5,3.5,Mobile
758,22-01-2024,15:19:00,Iced Tea,Cold Drink,1,3.5,3.5,Card
759,22-01-2024,15:36:00,Blueberry Muffin,Pastry,1,3.25,3.25,Card
760,22-01-2024,15:52:00,Green Tea,Tea,2,3,6,Cash
761,22-01-2024,16:05:00,Espresso,Coffee,1,3,3,Card
762,22-01-2024,16:24:00,Espresso,Coffee,1,3,3,Card
763,22-01-2024,16:37:00,Panini,Food,1,7,7,Card
764,22-01-2024,16:58:00,Mocha,Coffee,2,5,10,Cash
765,23-01-2024,07:00:00,Caesar Salad,Food,1,7.5,7.5,Card
766,23-01-2024,07:25:00,Chocolate Chip Cookie,Pastry,1,2.5,2.5,Mobile
767,23-01-2024,07:42:00,Iced Coffee,Cold Drink,1,4.75,4.75,Card
768,23-01-2024,08:06:00,Smoothie,Cold Drink,1,6,6,Mobile
769,23-01-2024,08:28:00,Croissant,Pastry,1,2.75,2.75,Mobile
770,23-01-2024,08:45:00,Chocolate Brownie,Pastry,2,3.75,7.5,Mobile
771,23-01-2024,08:58:00,Cappuccino,Coffee,1,4.25,4.25,Card
772,23-01-2024,09:14:00,Iced Coffee,Cold Drink,1,4.75,4.75,Mobile
773,23-01-2024,09:33:00,Cappuccino,Coffee,1,4.25,4.25,Card
774,23-01-2024,09:49:00,Green Tea,Tea,1,3,3,Card
775,23-01-2024,10:08:00,Caesar Salad,Food,3,7.5,22.5,Cash
776,23-01-2024,10:32:00,Mocha,Coffee,1,5,5,Card
777,23-01-2024,10:52:00,Americano,Coffee,2,3.5,7,Cash
778,23-01-2024,11:14:00,Sandwich,Food,3,6.5,19.5,Cash
779,23-01-2024,11:38:00,Iced Coffee,Cold Drink,1,4.75,4.75,Cash
780,23-01-2024,11:56:00,Cappuccino,Coffee,1,4.25,4.25,Cash
781,23-01-2024,12:06:00,Chocolate Brownie,Pastry,1,3.75,3.75,Cash
782,23-01-2024,12:26:00,Croissant,Pastry,1,2.75,2.75,Card
783,23-01-2024,12:50:00,Panini,Food,1,7,7,Cash
784,23-01-2024,13:02:00,Bagel,Food,1,4,4,Cash
785,23-01-2024,13:13:00,Cappuccino,Coffee,1,4.25,4.25,Mobile
786,23-01-2024,13:37:00,Caesar Salad,Food,1,7.5,7.5,Card
787,23-01-2024,13:53:00,Iced Tea,Cold Drink,1,3.5,3.5,Cash
788,23-01-2024,14:05:00,Caesar Salad,Food,1,7.5,7.5,Mobile
789,23-01-2024,14:15:00,Latte,Coffee,1,4.5,4.5,Mobile
790,23-01-2024,14:35:00,Iced Tea,Cold Drink,1,3.5,3.5,Mobile
791,23-01-2024,14:49:00,Smoothie,Cold Drink,1,6,6,Mobile
792,23-01-2024,15:11:00,Sandwich,Food,2,6.5,13,Card
793,23-01-2024,15:28:00,Smoothie,Cold Drink,1,6,6,Mobile
794,23-01-2024,15:50:00,Smoothie,Cold Drink,2,6,12,Cash
795,23-01-2024,16:09:00,Mocha,Coffee,1,5,5,Mobile
796,23-01-2024,16:32:00,Latte,Coffee,2,4.5,9,Card
797,23-01-2024,16:55:00,Latte,Coffee,2,4.5,9,Mobile
798,24-01-2024,07:00:00,Chocolate Chip Cookie,Pastry,1,2.5,2.5,Card
799,24-01-2024,07:20:00,Mocha,Coffee,1,5,5,Cash
800,24-01-2024,07:30:00,Sandwich,Food,2,6.5,13,Mobile
801,24-01-2024,07:55:00,Panini,Food,3,7,21,Cash
802,24-01-2024,08:20:00,Iced Latte,Cold Drink,1,5,5,Mobile
803,24-01-2024,08:42:00,Iced Coffee,Cold Drink,1,4.75,4.75,Card
804,24-01-2024,08:54:00,Mocha,Coffee,2,5,10,Card
805,24-01-2024,09:13:00,Panini,Food,1,7,7,Cash
806,24-01-2024,09:28:00,Bagel,Food,1,4,4,Cash
807,24-01-2024,09:52:00,Smoothie,Cold Drink,1,6,6,Mobile
808,24-01-2024,10:07:00,Espresso,Coffee,1,3,3,Mobile
809,24-01-2024,10:32:00,Bagel,Food,1,4,4,Mobile
810,24-01-2024,10:45:00,Sandwich,Food,1,6.5,6.5,Card
811,24-01-2024,10:59:00,Americano,Coffee,2,3.5,7,Mobile
812,24-01-2024,11:22:00,Chocolate Chip Cookie,Pastry,1,2.5,2.5,Mobile
813,24-01-2024,11:45:00,Iced Latte,Cold Drink,1,5,5,Mobile
814,24-01-2024,12:06:00,Caesar Salad,Food,1,7.5,7.5,Cash
815,24-01-2024,12:30:00,Chocolate Chip Cookie,Pastry,1,2.5,2.5,Mobile
816,24-01-2024,12:40:00,Chocolate Brownie,Pastry,1,3.75,3.75,Cash
817,24-01-2024,12:56:00,Blueberry Muffin,Pastry,2,3.25,6.5,Mobile
818,24-01-2024,13:16:00,Panini,Food,1,7,7,Cash
819,24-01-2024,13:30:00,Sandwich,Food,1,6.5,6.5,Mobile
820,24-01-2024,13:42:00,Panini,Food,3,7,21,Card
821,24-01-2024,13:59:00,Smoothie,Cold Drink,1,6,6,Mobile
822,24-01-2024,14:13:00,Chocolate Chip Cookie,Pastry,3,2.5,7.5,Mobile
823,24-01-2024,14:30:00,Chocolate Chip Cookie,Pastry,1,2.5,2.5,Cash
824,24-01-2024,14:42:00,Chocolate Chip Cookie,Pastry,1,2.5,2.5,Mobile
825,24-01-2024,14:53:00,Green Tea,Tea,1,3,3,Cash
826,24-01-2024,15:04:00,Mocha,Coffee,1,5,5,Mobile
827,24-01-2024,15:16:00,Americano,Coffee,1,3.5,3.5,Card
828,24-01-2024,15:28:00,Chocolate Brownie,Pastry,2,3.75,7.5,Card
829,24-01-2024,15:40:00,Cappuccino,Coffee,1,4.25,4.25,Cash
830,24-01-2024,15:54:00,Panini,Food,1,7,7,Cash
831,24-01-2024,16:04:00,Mocha,Coffee,1,5,5,Card
832,24-01-2024,16:14:00,Blueberry Muffin,Pastry,1,3.25,3.25,Cash
833,24-01-2024,16:32:00,Sandwich,Food,1,6.5,6.5,Cash
834,24-01-2024,16:50:00,Mocha,Coffee,2,5,10,Card
835,25-01-2024,07:00:00,Sandwich,Food,1,6.5,6.5,Card
836,25-01-2024,07:10:00,Iced Latte,Cold Drink,1,5,5,Mobile
837,25-01-2024,07:29:00,Panini,Food,1,7,7,Cash
838,25-01-2024,07:53:00,Green Tea,Tea,1,3,3,Cash
839,25-01-2024,08:18:00,Smoothie,Cold Drink,2,6,12,Card
840,25-01-2024,08:33:00,Chocolate Chip Cookie,Pastry,2,2.5,5,Cash
841,25-01-2024,08:43:00,Bagel,Food,1,4,4,Cash
842,25-01-2024,08:56:00,Caesar Salad,Food,1,7.5,7.5,Card
843,25-01-2024,09:08:00,Sandwich,Food,1,6.5,6.5,Card
844,25-01-2024,09:32:00,Chocolate Chip Cookie,Pastry,1,2.5,2.5,Mobile
845,25-01-2024,09:45:00,Iced Coffee,Cold Drink,1,4.75,4.75,Card
846,25-01-2024,10:01:00,Blueberry Muffin,Pastry,1,3.25,3.25,Mobile
847,25-01-2024,10:11:00,Mocha,Coffee,1,5,5,Card
848,25-01-2024,10:21:00,Americano,Coffee,1,3.5,3.5,Card
849,25-01-2024,10:45:00,Green Tea,Tea,1,3,3,Cash
850,25-01-2024,11:09:00,Blueberry Muffin,Pastry,1,3.25,3.25,Mobile
851,25-01-2024,11:29:00,Espresso,Coffee,1,3,3,Card
852,25-01-2024,11:44:00,Espresso,Coffee,2,3,6,Mobile
853,25-01-2024,12:00:00,Iced Tea,Cold Drink,1,3.5,3.5,Card
854,25-01-2024,12:14:00,Latte,Coffee,1,4.5,4.5,Cash
855,25-01-2024,12:37:00,Iced Tea,Cold Drink,1,3.5,3.5,Mobile
856,25-01-2024,12:49:00,Espresso,Coffee,1,3,3,Cash
857,25-01-2024,13:04:00,Espresso,Coffee,1,3,3,Mobile
858,25-01-2024,13:20:00,Espresso,Coffee,1,3,3,Card
859,25-01-2024,13:30:00,Iced Latte,Cold Drink,1,5,5,Card
860,25-01-2024,13:46:00,Chocolate Chip Cookie,Pastry,1,2.5,2.5,Mobile
861,25-01-2024,13:57:00,Latte,Coffee,1,4.5,4.5,Mobile
862,25-01-2024,14:07:00,Iced Coffee,Cold Drink,1,4.75,4.75,Cash
863,25-01-2024,14:24:00,Iced Tea,Cold Drink,2,3.5,7,Mobile
864,25-01-2024,14:46:00,Latte,Coffee,1,4.5,4.5,Cash
865,25-01-2024,15:05:00,Iced Latte,Cold Drink,1,5,5,Card
866,25-01-2024,15:25:00,Bagel,Food,1,4,4,Card
867,25-01-2024,15:36:00,Chocolate Brownie,Pastry,1,3.75,3.75,Card
868,25-01-2024,15:50:00,Americano,Coffee,1,3.5,3.5,Cash
869,25-01-2024,16:10:00,Blueberry Muffin,Pastry,1,3.25,3.25,Card
870,25-01-2024,16:25:00,Americano,Coffee,1,3.5,3.5,Cash
871,25-01-2024,16:50:00,Panini,Food,1,7,7,Mobile
872,26-01-2024,07:00:00,Iced Coffee,Cold Drink,1,4.75,4.75,Cash
873,26-01-2024,07:23:00,Bagel,Food,1,4,4,Card
874,26-01-2024,07:36:00,Mocha,Coffee,1,5,5,Mobile
875,26-01-2024,07:59:00,Iced Latte,Cold Drink,1,5,5,Mobile
876,26-01-2024,08:13:00,Green Tea,Tea,1,3,3,Card
877,26-01-2024,08:37:00,Cappuccino,Coffee,1,4.25,4.25,Card
878,26-01-2024,08:56:00,Green Tea,Tea,2,3,6,Cash
879,26-01-2024,09:14:00,Mocha,Coffee,1,5,5,Mobile
880,26-01-2024,09:30:00,Iced Tea,Cold Drink,1,3.5,3.5,Cash
881,26-01-2024,09:49:00,Cappuccino,Coffee,2,4.25,8.5,Mobile
882,26-01-2024,10:00:00,Cappuccino,Coffee,1,4.25,4.25,Cash
883,26-01-2024,10:17:00,Caesar Salad,Food,1,7.5,7.5,Cash
884,26-01-2024,10:28:00,Croissant,Pastry,1,2.75,2.75,Mobile
885,26-01-2024,10:41:00,Chocolate Chip Cookie,Pastry,1,2.5,2.5,Mobile
886,26-01-2024,11:05:00,Smoothie,Cold Drink,2,6,12,Cash
887,26-01-2024,11:19:00,Chocolate Brownie,Pastry,1,3.75,3.75,Mobile
888,26-01-2024,11:36:00,Chocolate Brownie,Pastry,2,3.75,7.5,Mobile
889,26-01-2024,11:51:00,Chocolate Brownie,Pastry,1,3.75,3.75,Mobile
890,26-01-2024,12:11:00,Sandwich,Food,1,6.5,6.5,Cash
891,26-01-2024,12:29:00,Iced Tea,Cold Drink,1,3.5,3.5,Cash
892,26-01-2024,12:54:00,Iced Coffee,Cold Drink,1,4.75,4.75,Card
893,26-01-2024,13:16:00,Green Tea,Tea,1,3,3,Cash
894,26-01-2024,13:33:00,Mocha,Coffee,1,5,5,Mobile
895,26-01-2024,13:49:00,Espresso,Coffee,1,3,3,Mobile
896,26-01-2024,14:03:00,Green Tea,Tea,1,3,3,Card
897,26-01-2024,14:27:00,Americano,Coffee,2,3.5,7,Card
898,26-01-2024,14:40:00,Chocolate Chip Cookie,Pastry,1,2.5,2.5,Cash
899,26-01-2024,15:04:00,Croissant,Pastry,2,2.75,5.5,Mobile
900,26-01-2024,15:27:00,Chocolate Chip Cookie,Pastry,1,2.5,2.5,Cash
901,26-01-2024,15:45:00,Chocolate Chip Cookie,Pastry,2,2.5,5,Cash
902,26-01-2024,15:56:00,Iced Coffee,Cold Drink,1,4.75,4.75,Cash
903,26-01-2024,16:08:00,Croissant,Pastry,1,2.75,2.75,Card
904,26-01-2024,16:21:00,Cappuccino,Coffee,1,4.25,4.25,Cash
905,26-01-2024,16:44:00,Chocolate Brownie,Pastry,1,3.75,3.75,Cash
906,27-01-2024,07:00:00,Caesar Salad,Food,2,7.5,15,Mobile
907,27-01-2024,07:10:00,Iced Tea,Cold Drink,1,3.5,3.5,Mobile
908,27-01-2024,07:20:00,Cappuccino,Coffee,2,4.25,8.5,Cash
909,27-01-2024,07:32:00,Iced Tea,Cold Drink,1,3.5,3.5,Mobile
910,27-01-2024,07:45:00,Mocha,Coffee,1,5,5,Mobile
911,27-01-2024,07:57:00,Espresso,Coffee,2,3,6,Card
912,27-01-2024,08:12:00,Cappuccino,Coffee,1,4.25,4.25,Cash
913,27-01-2024,08:26:00,Caesar Salad,Food,2,7.5,15,Mobile
914,27-01-2024,08:51:00,Sandwich,Food,2,6.5,13,Cash
915,27-01-2024,09:01:00,Cappuccino,Coffee,1,4.25,4.25,Mobile
916,27-01-2024,09:11:00,Caesar Salad,Food,1,7.5,7.5,Card
917,27-01-2024,09:34:00,Americano,Coffee,2,3.5,7,Mobile
918,27-01-2024,09:59:00,Mocha,Coffee,1,5,5,Card
919,27-01-2024,10:20:00,Sandwich,Food,1,6.5,6.5,Mobile
920,27-01-2024,10:38:00,Bagel,Food,1,4,4,Card
921,27-01-2024,10:54:00,Smoothie,Cold Drink,2,6,12,Cash
922,27-01-2024,11:04:00,Green Tea,Tea,3,3,9,Cash
923,27-01-2024,11:16:00,Blueberry Muffin,Pastry,1,3.25,3.25,Mobile
924,27-01-2024,11:30:00,Latte,Coffee,2,4.5,9,Mobile
925,27-01-2024,11:51:00,Chocolate Brownie,Pastry,1,3.75,3.75,Mobile
926,27-01-2024,12:04:00,Sandwich,Food,3,6.5,19.5,Mobile
927,27-01-2024,12:23:00,Smoothie,Cold Drink,1,6,6,Card
928,27-01-2024,12:40:00,Americano,Coffee,1,3.5,3.5,Card
929,27-01-2024,12:55:00,Chocolate Chip Cookie,Pastry,2,2.5,5,Card
930,27-01-2024,13:13:00,Bagel,Food,1,4,4,Card
931,27-01-2024,13:23:00,Panini,Food,1,7,7,Mobile
932,27-01-2024,13:34:00,Panini,Food,1,7,7,Cash
933,27-01-2024,13:59:00,Iced Coffee,Cold Drink,1,4.75,4.75,Mobile
934,27-01-2024,14:12:00,Smoothie,Cold Drink,1,6,6,Cash
935,27-01-2024,14:26:00,Green Tea,Tea,2,3,6,Mobile
936,27-01-2024,14:45:00,Espresso,Coffee,1,3,3,Card
937,27-01-2024,15:09:00,Chocolate Chip Cookie,Pastry,1,2.5,2.5,Cash
938,27-01-2024,15:20:00,Sandwich,Food,1,6.5,6.5,Mobile
939,27-01-2024,15:40:00,Espresso,Coffee,1,3,3,Mobile
940,27-01-2024,16:01:00,Americano,Coffee,1,3.5,3.5,Card
941,27-01-2024,16:19:00,Mocha,Coffee,1,5,5,Cash
942,27-01-2024,16:36:00,Green Tea,Tea,1,3,3,Card
943,27-01-2024,16:57:00,Croissant,Pastry,2,2.75,5.5,Cash
944,28-01-2024,07:00:00,Iced Latte,Cold Drink,1,5,5,Mobile
945,28-01-2024,07:13:00,Green Tea,Tea,1,3,3,Mobile
946,28-01-2024,07:28:00,Cappuccino,Coffee,3,4.25,12.75,Cash
947,28-01-2024,07:48:00,Iced Tea,Cold Drink,2,3.5,7,Card
948,28-01-2024,07:58:00,Bagel,Food,1,4,4,Mobile
949,28-01-2024,08:08:00,Iced Latte,Cold Drink,1,5,5,Cash
950,28-01-2024,08:22:00,Chocolate Chip Cookie,Pastry,1,2.5,2.5,Card
951,28-01-2024,08:35:00,Green Tea,Tea,1,3,3,Cash
952,28-01-2024,08:47:00,Mocha,Coffee,1,5,5,Cash
953,28-01-2024,08:57:00,Iced Latte,Cold Drink,2,5,10,Cash
954,28-01-2024,09:09:00,Panini,Food,1,7,7,Cash
955,28-01-2024,09:27:00,Espresso,Coffee,1,3,3,Cash
956,28-01-2024,09:40:00,Sandwich,Food,1,6.5,6.5,Mobile
957,28-01-2024,10:02:00,Caesar Salad,Food,1,7.5,7.5,Mobile
958,28-01-2024,10:15:00,Americano,Coffee,1,3.5,3.5,Card
959,28-01-2024,10:39:00,Croissant,Pastry,2,2.75,5.5,Cash
960,28-01-2024,10:50:00,Iced Tea,Cold Drink,1,3.5,3.5,Cash
961,28-01-2024,11:06:00,Americano,Coffee,1,3.5,3.5,Cash
962,28-01-2024,11:19:00,Blueberry Muffin,Pastry,2,3.25,6.5,Card
963,28-01-2024,11:37:00,Latte,Coffee,1,4.5,4.5,Mobile
964,28-01-2024,11:51:00,Americano,Coffee,2,3.5,7,Card
965,28-01-2024,12:11:00,Smoothie,Cold Drink,1,6,6,Card
966,28-01-2024,12:23:00,Blueberry Muffin,Pastry,2,3.25,6.5,Card
967,28-01-2024,12:34:00,Smoothie,Cold Drink,1,6,6,Mobile
968,28-01-2024,12:55:00,Sandwich,Food,1,6.5,6.5,Cash
969,28-01-2024,13:05:00,Green Tea,Tea,1,3,3,Card
970,28-01-2024,13:24:00,Bagel,Food,1,4,4,Card
971,28-01-2024,13:39:00,Iced Tea,Cold Drink,1,3.5,3.5,Card
972,28-01-2024,13:50:00,Sandwich,Food,1,6.5,6.5,Mobile
973,28-01-2024,14:04:00,Green Tea,Tea,1,3,3,Cash
974,28-01-2024,14:26:00,Panini,Food,1,7,7,Mobile
975,28-01-2024,14:42:00,Green Tea,Tea,2,3,6,Card
976,28-01-2024,14:53:00,Iced Latte,Cold Drink,1,5,5,Mobile
977,28-01-2024,15:15:00,Chocolate Brownie,Pastry,3,3.75,11.25,Card
978,28-01-2024,15:30:00,Iced Tea,Cold Drink,2,3.5,7,Card
979,28-01-2024,15:43:00,Espresso,Coffee,1,3,3,Cash
980,28-01-2024,15:58:00,Blueberry Muffin,Pastry,1,3.25,3.25,Card
981,28-01-2024,16:19:00,Latte,Coffee,1,4.5,4.5,Cash
982,28-01-2024,16:31:00,Latte,Coffee,1,4.5,4.5,Cash
983,28-01-2024,16:52:00,Green Tea,Tea,1,3,3,Cash
984,29-01-2024,07:00:00,Iced Latte,Cold Drink,2,5,10,Cash
985,29-01-2024,07:11:00,Blueberry Muffin,Pastry,1,3.25,3.25,Card
986,29-01-2024,07:28:00,Cappuccino,Coffee,1,4.25,4.25,Cash
987,29-01-2024,07:51:00,Caesar Salad,Food,1,7.5,7.5,Mobile
988,29-01-2024,08:05:00,Croissant,Pastry,3,2.75,8.25,Mobile
989,29-01-2024,08:21:00,Blueberry Muffin,Pastry,1,3.25,3.25,Card
990,29-01-2024,08:32:00,Americano,Coffee,1,3.5,3.5,Mobile
991,29-01-2024,08:43:00,Green Tea,Tea,1,3,3,Mobile
992,29-01-2024,09:01:00,Iced Tea,Cold Drink,1,3.5,3.5,Mobile
993,29-01-2024,09:20:00,Iced Latte,Cold Drink,2,5,10,Cash
994,29-01-2024,09:44:00,Bagel,Food,2,4,8,Cash
995,29-01-2024,09:55:00,Mocha,Coffee,1,5,5,Cash
996,29-01-2024,10:08:00,Blueberry Muffin,Pastry,2,3.25,6.5,Cash
997,29-01-2024,10:26:00,Caesar Salad,Food,1,7.5,7.5,Card
998,29-01-2024,10:39:00,Iced Tea,Cold Drink,1,3.5,3.5,Mobile
999,29-01-2024,11:00:00,Panini,Food,1,7,7,Cash
1000,29-01-2024,11:17:00,Chocolate Chip Cookie,Pastry,1,2.5,2.5,Card
